mode,d_model,seq_len,fwd_time(ms),bwd_time(ms),fwd_TFLOPS,bwd_TFLOPS,peak_mem(MB),status
flash,16,4096,0.271212160885334,0.9492064070701599,31.67237989609081,22.623990230201535,11.1259765625,Success
flash,32,4096,0.33292543947696684,0.9561216008663177,51.602752889625826,44.92072234440094,22.1259765625,Success
flash,64,4096,0.41881791949272157,1.5164255928993224,82.03980003916027,56.64593523231507,44.1259765625,Success
flash,128,4096,0.6168454372882843,3.130254068374634,111.40469326983734,54.88330598327613,88.1259765625,Success
