mode,d_model,seq_len,fwd_time(ms),bwd_time(ms),fwd_TFLOPS,bwd_TFLOPS,peak_mem(MB),status
base,16,4096,2.168031349182129,7.586603536605835,3.9620896603918934,2.8306259021421876,1815.3759765625,Success
base,32,4096,2.151011824607849,7.544773139953613,7.986878076382524,5.692639415830609,1822.3759765625,Success
base,64,4096,2.214209270477295,7.573341436386109,15.51783692089475,11.342331075593227,1836.3759765625,Success
base,128,4096,2.427191038131714,7.915602569580078,28.31234775359733,21.703804647826566,1864.3759765625,Success
